{"cameraMode":{"drawMode":0,"name":"Shaded","section":"Shading Mode"},"sceneLighting":true,"audioPlay":false,"sceneViewState":{"m_AlwaysRefresh":false,"showFog":false,"showSkybox":false,"showFlares":false,"showImageEffects":false,"showParticleSystems":false,"showVisualEffectGraphs":false,"m_FxEnabled":true},"in2DMode":false,"pivot":{"x":-14.106036186218262,"y":-5.129737854003906,"z":12.773109436035157},"rotation":{"x":0.056768033653497699,"y":-0.8947875499725342,"z":0.11909329891204834,"w":0.42664745450019839},"size":12.996231079101563,"orthographic":false}